Bahan,Lanmadaw,Yankin,South Oakklar,Hlaing,Sanchoung,Condo name,Total_Area_squft,Bedrooms,Bathrooms,Swimming Pool,Security,Gym,Has_Elevator,Has_Parking,View_type, Price_USD 
1,0,0,0,0,0,5 floor Pagoda st mini Condo,1500,3,2,0,1,0,1,1,City View,"$100,000.00 "
1,0,0,0,0,0,Aung Chan Thar Eain Yar Condo,1375,3,2,0,0,0,1,1,City View,"$91,111.11 "
1,0,0,0,0,0,Aye Yiek Thar Condo,1566,3,2,0,0,0,0,0,City View,"$132,222.22 "
1,0,0,0,0,0,Aye Yiek That (1) st mini Condo,1120,2,2,0,1,0,1,0,City View,"$71,111.11 "
1,0,0,0,0,0,Aye Yiek That st mini Condo,1570,2,1,0,0,0,1,0,City View,"$80,000.00 "
1,0,0,0,0,0,Bahan Residence,1200,2,2,0,1,0,1,1,City View,"$108,888.89 "
1,0,0,0,0,0,Delta Plaza Condo,2000,3,1,0,0,0,1,0,City View,"$133,333.33 "
1,0,0,0,0,0,Delta Plaza Condo,1650,3,3,0,0,0,0,0,City View,"$88,888.89 "
1,0,0,0,0,0,Delta Plaza Condo,1769,6,3,0,1,0,1,1,City View,"$155,555.56 "
1,0,0,0,0,0,Delta Plaza mini Condo,1800,3,2,0,1,0,0,1,City View,"$88,888.89 "
1,0,0,0,0,0,Diamond Hill Residence,2100,4,4,1,1,1,1,1,City View,"$377,777.78 "
1,0,0,0,0,0,Diamond Hill Residence,1200,3,2,0,1,0,1,1,City View,"$128,888.89 "
1,0,0,0,0,0,East Shwe Da Gone Pike Lone Condo,972,2,1,0,0,0,1,1,City View,"$100,000.00 "
1,0,0,0,0,0,Father Land mini Condo,1750,2,2,0,1,0,1,1,City View,"$77,777.78 "
1,0,0,0,0,0,Gant Gaw Condo,1500,3,2,0,1,0,1,1,City View,"$102,000.00 "
1,0,0,0,0,0,Golden Link Condo,2200,4,3,1,1,1,1,1,City View,"$311,111.11 "
1,0,0,0,0,0,Golden Link Condo,2326,4,2,1,1,1,1,1,City View,"$522,222.22 "
1,0,0,0,0,0,Golden Link Condo,2400,4,3,1,1,1,1,1,City View,"$322,222.22 "
1,0,0,0,0,0,Golden Link Condo,2045,4,3,1,1,1,1,1,City View,"$222,222.22 "
1,0,0,0,0,0,Golden Link Condo,1913,5,3,1,1,1,1,1,City View,"$222,222.22 "
1,0,0,0,0,0,Golden Link Condo (L5 C7),4300,2,1,1,1,1,1,1,City View,"$355,555.56 "
1,0,0,0,0,0,Golden Royal Sayar San Condo,2006,3,1,0,0,0,0,0,City View,"$266,666.67 "
1,0,0,0,0,0,Golden valley Condo,2326,4,2,0,0,0,0,0,City View,"$566,666.67 "
1,0,0,0,0,0,Golden valley Condo,1200,2,1,1,1,1,1,1,City View,"$400,000.00 "
1,0,0,0,0,0,Golden valley Condo,1600,3,3,0,0,0,0,0,City View,"$288,888.89 "
1,0,0,0,0,0,Golden valley Condo,1700,3,3,0,0,0,0,0,City View,"$300,000.00 "
1,0,0,0,0,0,Golden valley Condo,1126,2,1,1,1,1,1,1,City View,"$375,333.33 "
1,0,0,0,0,0,Grand Saya San Condo,1680,3,2,1,1,1,1,1,City View,"$204,444.44 "
1,0,0,0,0,0,Grand Saya San Condo,2000,3,3,1,1,1,1,1,City View,"$204,444.44 "
1,0,0,0,0,0,Grand Sayar San,1684,3,2,1,1,1,1,1,City View,"$175,555.56 "
1,0,0,0,0,0,Grand Sayarsan Condo,2000,3,2,1,1,1,0,1,City View,"$204,444.44 "
1,0,0,0,0,0,Grand Sayarsan Condo ,1680,2,1,1,1,1,1,1,City View,"$204,444.44 "
1,0,0,0,0,0,Grand Shwe Taung Kyar Condo,895,3,2,1,0,1,1,1,City View,"$217,777.78 "
1,0,0,0,0,0,Grand Shwe Taung Kyar Condo,986,2,1,1,0,1,0,1,City View,"$217,777.78 "
1,0,0,0,0,0,Grannd Sayar San Condo,1585,3,2,1,0,1,1,1,City View,"$188,888.89 "
1,0,0,0,0,0,Infinity Condo,1670,2,2,1,1,1,1,1,Inya View,"$277,777.78 "
1,0,0,0,0,0,Infinity Condo,1317,2,2,1,1,1,1,1,City View,"$211,111.11 "
1,0,0,0,0,0,Infinity Condo,1317,2,2,1,1,1,1,1,City View,"$248,755.56 "
1,0,0,0,0,0,Infinity Condo,1638,3,2,1,1,1,1,1,City View,"$309,400.00 "
1,0,0,0,0,0,Infinity Condo,2478,4,4,1,1,1,1,1,Inya View,"$555,555.56 "
1,0,0,0,0,0,Infinity Condo,1633,3,4,1,1,1,1,1,Shwe da gon View,"$355,555.56 "
1,0,0,0,0,0,Infinity Condo,1754,3,3,1,1,1,1,1,City View,"$389,777.78 "
1,0,0,0,0,0,Infinity Condo,800,1,1,0,0,0,1,1,City View,"$71,111.11 "
1,0,0,0,0,0,Infinity Condo,1100,2,1,0,0,0,1,1,City View,"$93,333.33 "
1,0,0,0,0,0,Infinity Condo,1780,3,1,0,0,0,0,0,City View,"$144,444.44 "
1,0,0,0,0,0,Infinity Condo,1860,3,1,0,0,0,0,0,City View,"$176,666.67 "
1,0,0,0,0,0,Infinity Condo,1750,3,1,0,0,0,0,0,City View,"$155,555.56 "
1,0,0,0,0,0,Infinity Condo,1356,2,2,1,1,1,1,1,Shwe da gone View,"$240,888.89 "
1,0,0,0,0,0,Infinity Condo,1356,2,1,0,0,0,0,0,Inya View,"$177,777.78 "
1,0,0,0,0,0,Infinity Condo,1350,2,2,0,0,0,0,0,Shwe da gone View,"$270,000.00 "
1,0,0,0,0,0,Infinity Condo,2700,3,3,1,1,1,0,1,City View,"$600,000.00 "
1,0,0,0,0,0,Infinity Condo,1356,2,2,1,1,1,1,1,City View,"$166,666.67 "
1,0,0,0,0,0,Infinity Condo,1307,2,2,1,1,1,1,1,City View,"$300,000.00 "
1,0,0,0,0,0,Infinity Condo,1950,2,2,1,1,1,1,1,City View,"$122,222.22 "
1,0,0,0,0,0,Infinity Condo,1683,3,3,1,1,1,1,1,City View,"$377,777.78 "
1,0,0,0,0,0,Infinity Condo,1370,2,2,0,0,0,0,0,City View,"$300,000.00 "
1,0,0,0,0,0,Infinity Condo,1638,3,3,1,1,1,1,1,City View,"$377,777.78 "
1,0,0,0,0,0,Infinity Condo,1679,2,2,0,0,0,0,0,City View,"$400,000.00 "
1,0,0,0,0,0,Infinity Condo,1650,3,3,0,0,0,1,1,Shwe da gon View,"$333,333.33 "
1,0,0,0,0,0,Infinity Condo,1700,3,2,1,0,1,1,1,City View,"$377,777.78 "
1,0,0,0,0,0,Infinity Condo,965,2,1,1,0,1,1,1,City View,"$244,444.44 "
1,0,0,0,0,0,Infinity Condo,1370,3,1,0,0,0,0,0,City View,"$233,333.33 "
1,0,0,0,0,0,Infinity Condo ,1307,2,1,0,0,0,0,0,City View,"$188,777.78 "
1,0,0,0,0,0,Infinity Condo (2BR),1358,2,2,0,0,0,1,1,City View,"$241,422.22 "
1,0,0,0,0,0,Infinity Luxury Condo,1683,3,3,1,1,1,1,1,City View,"$377,777.78 "
1,0,0,0,0,0,Inya Myaing Residence,2000,3,2,0,0,0,0,0,City View,"$277,777.78 "
1,0,0,0,0,0,Inya Myaing Residence,2120,3,3,0,1,0,1,1,Shwe da gon View,"$222,222.22 "
1,0,0,0,0,0,Inya Myaing Residence,2025,3,3,0,1,0,1,1,City View,"$266,666.67 "
1,0,0,0,0,0,Inya Myaing Residence,2100,2,1,0,0,0,0,0,City View,"$333,333.33 "
1,0,0,0,0,0,Inya Myaing Residence,2200,3,4,0,0,0,0,0,City View,"$288,888.89 "
1,0,0,0,0,0,Inya Myaing Residence Condo,2100,3,2,0,0,0,0,0,City View,"$266,666.67 "
1,0,0,0,0,0,Inya Myaing Suit Residence,1150,2,2,1,1,1,1,0,City View,"$383,333.33 "
1,0,0,0,0,0,Inya Myaing Suite,1150,3,3,1,0,1,1,1,City View,"$383,333.33 "
1,0,0,0,0,0,Inya Myaing Suites Residence,1200,2,2,1,0,1,0,0,City View,"$400,000.00 "
1,0,0,0,0,0,Inya Myaing Suites Residence ,2100,3,3,0,1,0,1,1,City View,"$288,888.89 "
1,0,0,0,0,0,JL Residence,1870,3,2,0,0,0,0,0,City View,"$391,111.11 "
1,0,0,0,0,0,Kan daw Gyi Condo,1500,3,2,0,1,0,1,1,City View,"$115,555.56 "
1,0,0,0,0,0,KohKai Residence Condo,700,1,1,0,0,0,0,0,City View,"$111,111.11 "
1,0,0,0,0,0,Kyo Point Mini Condo,1500,3,1,0,0,0,1,0,City View,"$88,888.89 "
1,0,0,0,0,0,Moe Myint San Condo,1800,5,4,0,0,0,1,0,City View,"$222,222.22 "
1,0,0,0,0,0,Mona Lisa Residence,1600,3,3,0,1,0,1,1,City View,"$195,555.56 "
1,0,0,0,0,0,My residence Condo,1600,3,3,1,1,1,1,1,City View,"$288,888.89 "
1,0,0,0,0,0,My residence Condo,1600,3,2,0,0,0,0,0,City View,"$288,888.89 "
1,0,0,0,0,0,My residence Condo,1500,3,3,0,1,0,1,1,City View,"$300,000.00 "
1,0,0,0,0,0,My residence Condo,1500,3,3,0,0,1,1,1,City View,"$311,111.11 "
1,0,0,0,0,0,My residence Condo,1700,3,1,0,0,0,0,0,City View,"$266,666.67 "
1,0,0,0,0,0,Near Kan Taw Gyi,1500,3,2,0,1,0,1,1,City View,"$11,555.56 "
1,0,0,0,0,0,Near Merry Browm mini Condo,1350,3,2,0,1,0,1,1,City View,"$58,888.89 "
1,0,0,0,0,0,Near SDG mini Condo,972,1,1,0,0,0,0,0,City View,"$73,333.33 "
1,0,0,0,0,0,Near SSC mini Condo,1300,3,2,0,0,0,0,0,City View,"$64,444.44 "
1,0,0,0,0,0,New Thaketo Yeik Thar mini Condo,1020,2,1,0,0,0,1,0,City View,"$55,222.22 "
1,0,0,0,0,0,New Thekatto Yiek Thar Condo,2400,3,3,0,0,0,1,1,City View,"$288,888.89 "
1,0,0,0,0,0,New Thekatto Yiek Thar mini Condo,1020,2,2,0,1,0,1,0,City View,"$66,666.67 "
1,0,0,0,0,0,New Thekatto Yiek Thar mini Condo,1040,2,2,0,0,0,1,0,City View,"$93,333.33 "
1,0,0,0,0,0,One 62 Residence,1750,3,2,0,0,0,0,0,City View,"$220,000.00 "
1,0,0,0,0,0,PaDoneMar mini Condo,1570,3,2,0,1,0,1,1,City View,"$95,555.56 "
1,0,0,0,0,0,Park Lane Condo,1550,3,1,0,0,0,0,0,City View,"$166,666.67 "
1,0,0,0,0,0,Park Lane Condo,1432,3,3,0,1,0,0,1,City View,"$177,777.78 "
1,0,0,0,0,0,Park Lane Condo,1420,3,2,0,1,0,0,1,City View,"$177,777.78 "
1,0,0,0,0,0,Park Lane Condo,1550,3,2,0,0,0,0,0,City View,"$177,777.78 "
1,0,0,0,0,0,Park Lane Condo,1462,3,3,0,0,0,1,1,City View,"$173,333.33 "
1,0,0,0,0,0,Park Lane Condo,1360,3,2,0,0,0,0,0,City View,"$177,777.78 "
1,0,0,0,0,0,Peral Condo,1750,3,2,1,0,1,0,1,City View,"$144,444.44 "
1,0,0,0,0,0,Peral Condo,1950,2,2,1,1,1,1,1,City View,"$122,222.22 "
1,0,0,0,0,0,Peral Condo,1780,3,2,1,1,1,1,1,City View,"$144,444.44 "
1,0,0,0,0,0,Peral Condo,1450,3,2,1,1,1,1,1,City View,"$106,666.67 "
1,0,0,0,0,0,Peral Condo,400,2,1,1,1,1,1,1,City View,"$56,666.67 "
1,0,0,0,0,0,Peral Condo,800,1,1,1,1,1,1,1,City View,"$71,111.11 "
1,0,0,0,0,0,Peral Condo,1580,3,2,1,1,1,1,1,City View,"$140,000.00 "
1,0,0,0,0,0,Peral Condo,1870,4,3,0,0,0,0,0,City View,"$188,888.89 "
1,0,0,0,0,0,Peral Condo,1580,3,2,1,1,1,1,1,City View,"$140,000.00 "
1,0,0,0,0,0,Peral Condo,1450,3,2,0,0,0,0,0,City View,"$111,111.11 "
1,0,0,0,0,0,Peral Condo,1780,3,2,0,0,0,1,1,City View,"$151,111.11 "
1,0,0,0,0,0,Peral Condo,1750,3,2,0,0,0,0,1,City View,"$166,666.67 "
1,0,0,0,0,0,Peral Condo,1250,3,2,1,1,1,1,1,City View,"$100,000.00 "
1,0,0,0,0,0,Peral Condo,1251,3,2,1,1,1,1,1,City View,"$122,222.22 "
1,0,0,0,0,0,Peral Condo,1160,2,1,1,1,1,1,1,City View,"$106,666.67 "
1,0,0,0,0,0,Peral Condo,1161,2,1,1,1,1,1,1,City View,"$100,000.00 "
1,0,0,0,0,0,Peral Condo,1250,3,2,1,1,1,1,1,City View,"$122,222.22 "
1,0,0,0,0,0,Peral Condo,1750,3,2,1,1,1,1,1,City View,"$155,555.56 "
1,0,0,0,0,0,Peral Condo,1780,3,2,0,0,0,0,0,City View,"$144,444.44 "
1,0,0,0,0,0,Peral Condo,1520,3,2,0,0,0,0,0,City View,"$144,444.44 "
1,0,0,0,0,0,Peral Condo,1950,3,2,0,1,0,1,1,City View,"$166,666.67 "
1,0,0,0,0,0,Peral Condo,1780,4,4,1,0,1,1,1,City View,"$188,888.89 "
1,0,0,0,0,0,Peral Condo,500,1,1,0,1,0,1,1,City View,"$26,666.67 "
1,0,0,0,0,0,Peral Condo,1000,2,2,0,1,0,1,1,City View,"$47,777.78 "
1,0,0,0,0,0,Peral Condo,1250,2,2,0,1,0,1,1,City View,"$66,666.67 "
1,0,0,0,0,0,Peral Condo,1250,2,2,1,1,1,1,1,City View,"$100,000.00 "
1,0,0,0,0,0,Peral Condo,1725,3,2,0,0,0,0,0,City View,"$166,666.67 "
1,0,0,0,0,0,Peral Condo,1432,2,3,0,1,0,0,1,City View,"$177,777.78 "
1,0,0,0,0,0,Peral Condo ,1780,3,2,1,1,1,1,1,City View,"$151,111.11 "
1,0,0,0,0,0,Peral Condo (Building E),1780,3,2,0,1,0,0,1,City View,"$166,666.67 "
1,0,0,0,0,0,Peral Condo (Tower A),1800,3,3,1,1,1,0,1,City View,"$143,333.33 "
1,0,0,0,0,0,Peral Condo (Tower F),1333,3,2,0,1,0,1,1,City View,"$155,555.56 "
1,0,0,0,0,0,Phoe Sein Condo,1500,3,2,0,0,0,1,1,City View,"$115,555.56 "
1,0,0,0,0,0,Phoe Sein Condo,2850,3,3,0,1,0,1,1,City View,"$188,888.89 "
1,0,0,0,0,0,Phoe Sein Condo,1750,3,2,0,1,0,1,1,City View,"$62,222.22 "
1,0,0,0,0,0,Phoe Sein Condo ,1900,3,2,0,1,0,1,1,City View,"$115,555.56 "
1,0,0,0,0,0,Pike Lone st mini condo ,972,1,1,0,1,0,1,1,City View,"$100,000.00 "
1,0,0,0,0,0,Poe Sein Condo,1900,3,2,0,1,0,1,1,City View,"$115,555.56 "
1,0,0,0,0,0,Royal Myanmar mini Condo,1020,2,2,0,0,0,1,0,City View,"$64,444.44 "
1,0,0,0,0,0,Royal Phoe Sein Condo,8500,3,3,0,1,0,1,1,City View,"$188,888.89 "
1,0,0,0,0,0,Royal Phoe Sein Condo,2860,3,4,0,0,0,0,0,City View,"$144,444.44 "
1,0,0,0,0,0,Sakura Palace Condo,1370,3,2,0,1,0,1,1,City View,"$131,111.11 "
1,0,0,0,0,0,Sevilla Residence Condo,1690,2,1,1,0,1,0,0,City View,"$351,111.11 "
1,0,0,0,0,0,Shwe Gone Daing Tower Condo,1500,4,3,0,1,0,1,1,City View,"$110,666.67 "
1,0,0,0,0,0,Shwe Gone Tai Tower Condo,1500,4,3,0,0,0,1,1,City View,"$110,666.67 "
1,0,0,0,0,0,Shwe Gone Tai Tower Condo,1700,2,2,0,0,0,0,0,City View,"$117,777.78 "
1,0,0,0,0,0,Shwe Gone Tower Condo,1500,4,3,0,0,0,0,1,City View,"$110,000.00 "
1,0,0,0,0,0,Shwe Taung Gyar Condo,2100,3,3,0,1,0,0,1,City View,"$220,000.00 "
1,0,0,0,0,0,Shwe Taung Gyar Condo,2100,3,3,0,1,0,0,1,City View,"$220,000.00 "
1,0,0,0,0,0,Shwe Taung Gyar mini Condo,2000,2,1,0,0,0,0,0,City View,"$144,444.44 "
1,0,0,0,0,0,Shwe Than Lwin Condo,3600,3,2,0,0,0,1,0,City View,"$300,000.00 "
1,0,0,0,0,0,Shwe Yiek Mon Condo,1600,3,2,0,0,0,0,0,City View,"$333,333.33 "
1,0,0,0,0,0,Shwe Yiek Mon Condo,1600,3,3,0,1,0,1,1,City View,"$333,333.33 "
1,0,0,0,0,0,Tak Lann Mini Condo,1566,3,1,0,0,0,0,0,City View,"$132,222.22 "
1,0,0,0,0,0,Tak Lann Mini Condo,1566,2,1,0,0,0,0,0,City View,"$102,222.22 "
1,0,0,0,0,0,Tak Lann Mini Condo,1566,3,3,0,0,0,0,0,City View,"$97,777.78 "
1,0,0,0,0,0,Taw  Win Myanmar mini Condi,1020,2,1,0,1,0,1,0,City View,"$77,777.78 "
1,0,0,0,0,0,Thakatto Yiek Mon Condo,1250,3,2,0,1,0,1,1,City View,"$122,222.22 "
1,0,0,0,0,0,Thakatto Yiek Mon Condo,1450,4,3,0,0,0,1,1,City View,"$133,333.33 "
1,0,0,0,0,0,Thakatto Yiek Mon Condo,1480,4,3,0,1,0,1,1,City View,"$133,333.33 "
1,0,0,0,0,0,Thakatto Yiek Thar Condo,1020,2,1,0,0,0,1,0,City View,"$77,777.78 "
1,0,0,0,0,0,Thakatto Yiek Thar mini Condo,1190,1,1,0,1,0,1,0,City View,"$84,444.44 "
1,0,0,0,0,0,Thakatto Yiek Thar mini Condo,3315,5,2,0,1,0,1,1,City View,"$311,111.11 "
1,0,0,0,0,0,Thakatto Yiek Thar mini Condo,1080,2,1,0,0,0,1,1,City View,"$100,000.00 "
1,0,0,0,0,0,Thakatto Yiek Thar mini Condo,1020,2,1,0,1,0,1,1,City View,"$93,333.33 "
1,0,0,0,0,0,Thakatto Yiek Thar mini Condo,1200,2,2,0,1,0,1,0,City View,"$93,333.33 "
1,0,0,0,0,0,Thakatto Yiek Thar mini Condo,2040,4,3,0,0,0,1,0,City View,"$120,000.00 "
1,0,0,0,0,0,Thaketo Yiek Mon Condo,2850,3,2,0,1,0,1,1,City View,"$133,333.33 "
1,0,0,0,0,0,The Vista Condo,1147,1,1,1,0,1,1,1,City View,"$193,333.33 "
1,0,0,0,0,0,The Vista Condo,1100,2,3,0,0,0,0,0,City View,"$177,777.78 "
1,0,0,0,0,0,The Vista Condo,1041,2,1,0,0,0,0,0,City View,"$277,777.78 "
1,0,0,0,0,0,The Vista Condo,984,2,1,1,0,1,1,1,City View,"$76,666.67 "
1,0,0,0,0,0,Thekatto Yiek Thar Condo,1755,2,1,0,0,0,1,0,City View,"$122,222.22 "
1,0,0,0,0,0,Time Link Condo,1800,3,3,0,0,0,0,0,City View,"$266,666.67 "
1,0,0,0,0,0,Time Link Condo,2062,3,3,0,1,0,0,0,City View,"$531,866.67 "
1,0,0,0,0,0,Treasure Residence Condo,1765,3,1,1,1,1,1,1,City View,"$298,088.89 "
1,0,0,0,0,0,Treasure Residence Condo,1733,3,3,1,1,1,1,1,City View,"$248,888.89 "
1,0,0,0,0,0,Treasure Residence Condo,1733,3,2,1,1,1,1,1,City View,"$255,555.56 "
1,0,0,0,0,0,Treasure Residence Condo,1730,3,1,0,0,0,0,0,City View,"$255,555.56 "
1,0,0,0,0,0,U chit Mg Pagoda mini Condo,1360,3,2,0,1,0,1,1,City View,"$100,000.00 "
1,0,0,0,0,0,University  Paradise Condo,1600,3,2,0,0,0,0,0,City View,"$144,444.44 "
1,0,0,0,0,0,University  Paradise Condo,1600,3,2,0,1,0,0,1,City View,"$166,666.67 "
1,0,0,0,0,0,War Yar Latt (3) lann Condo,972,2,2,0,0,0,1,0,City View,"$77,777.78 "
1,0,0,0,0,0,West Shwe Da Gone Condo,972,2,1,0,0,0,1,0,City View,"$77,777.78 "
1,0,0,0,0,0,Yuzana Condo,1250,4,2,0,0,0,1,1,Shwe da gon View,"$113,333.33 "
1,0,0,0,0,0,Yuzana Mini Condo,1250,4,2,0,0,0,1,1,Shwe da gone View,"$113,333.33 "
1,0,0,0,0,0,Yuzana Tower,1800,3,2,0,1,0,1,1,City View,"$133,333.33 "
0,0,0,0,1,0,Ngwe Aein San,927,3,1,1,1,0,1,1,Street View,"$2,444.44 "
0,0,0,0,1,0, MICT park condo,1000,3,2,0,0,0,1,1,City View,"$87,777.78 "
0,0,0,0,1,0,Golden Parami,1283,1,1,1,1,0,1,1,City,"$12,888.89 "
0,0,0,0,1,0,Golden Parami,1330,2,1,0,0,0,1,1,Lake View,"$21,333.33 "
0,0,0,0,1,0,Golden Parami,1302,3,2,1,1,0,1,1,Street View,"$244,444.44 "
0,0,0,0,1,0,Golden Parami,1090,2,1,0,1,1,1,1,Lake View,"$11,777.78 "
0,0,0,0,1,0,Golden parami ,1803,3,2,1,1,1,1,1,City View,"$140,000.00 "
0,0,0,0,1,0,grand mya kan thar ,980,2,2,1,1,1,1,1,City View,"$188,888.89 "
0,0,0,0,1,0,khine shwe yee,1300,3,3,0,0,0,1,0,City View,"$1,311,111.11 "
0,0,0,0,1,0,Mahar Swae,890,1,2,0,1,0,1,1,City View,"$39,555.56 "
0,0,0,0,1,0,Mahar Swae,970,2,4,0,1,1,1,1,City View,"$5,200.00 "
0,0,0,0,1,0,Mahar Swae,1020,2,5,0,0,0,1,1,City View,"$8,777.78 "
0,0,0,0,1,0,Mahar Swae,950,2,6,1,0,1,1,1,City View,"$10,866.67 "
0,0,0,0,1,0,Mahar Swae,840,1,3,0,1,0,1,0,City View,"$4,266.67 "
0,0,0,0,1,0,Mahar Swae,880,1,1,0,1,0,1,1,Street View,"$48,444.44 "
0,0,0,0,1,0,Mahar Swae,990,2,7,0,0,1,1,1,Garden View,"$9,777.78 "
0,0,0,0,1,0,Mahar Swae,910,1,2,0,1,0,1,1,City View,"$34,888.89 "
0,0,0,0,1,0,Mahar Swae,1050,3,8,0,1,1,1,1,Lake View,"$110,888.89 "
0,0,0,0,1,0,Mahar Swae,870,1,1,0,1,0,1,1,Street View,"$3,022.22 "
0,0,0,0,1,0,mahar swae condo,1088,2,2,0,1,0,1,1,City View,"$100,000.00 "
0,0,0,0,1,0,MICT Park condo,1190,3,2,0,1,0,1,1,Lake View,"$16,222.22 "
0,0,0,0,1,0,MICT Park condo,1270,3,2,1,0,1,1,1,Lake View,"$15,333.33 "
0,0,0,0,1,0,Ngwe Aein San,1351,2,1,0,0,0,1,1,City View,"$11,333.33 "
0,0,0,0,1,0,Ngwe Aein San,859,4,2,0,1,0,1,1,Street View,"$18,000.00 "
0,0,0,0,1,0,Ngwe Aein San,1170,3,1,0,1,0,1,1,Garden View,"$2,444.44 "
0,0,0,0,1,0,Ngwe Aein San,980,3,1,0,0,0,1,1,City View,"$13,555.56 "
0,0,0,0,1,0,Ngwe Aein San tawin ,9500,2,2,1,0,1,1,1,City View,"$214,444.44 "
0,0,0,0,1,0,Parami Valley,980,2,1,0,1,0,1,1,City View,"$2,666.67 "
0,0,0,0,1,0,Parami Valley,1150,3,2,1,0,1,0,1,Lake View,"$12,222.22 "
0,0,0,0,1,0,Parami Valley,1030,3,1,0,1,0,1,0,Garden View,"$7,777.78 "
0,0,0,0,1,0,Parami Valley,1200,4,1,0,0,1,1,1,Street View,"$11,111.11 "
0,0,0,0,1,0,Parami Valley,870,2,1,0,0,0,1,1,City View,"$266,666.67 "
0,0,0,0,1,0,Parami Valley,1100,3,1,1,0,0,1,1,Garden View,"$10,000.00 "
0,0,0,0,1,0,Parami Valley,950,2,1,0,1,0,1,1,Lake View,"$4,888.89 "
0,0,0,0,1,0,Parami Valley,1050,3,1,0,0,1,1,1,City View,"$10,666.67 "
0,0,0,0,1,0,Parami Valley,980,2,1,0,1,0,1,1,Street View,"$6,666.67 "
0,0,0,0,1,0,Parami Valley,1155,3,2,0,0,1,1,1,Garden View,"$13,333.33 "
0,0,0,0,1,0,parami valley residence,1216,3,2,1,1,1,1,1,City View,"$1,444,444.44 "
0,0,0,0,1,0,Royal Thukha,970,2,2,0,0,0,1,1,City View,"$80,000.00 "
0,0,0,0,1,0,Royal Thukha,1164,4,1,1,0,0,0,1,City View,"$12,000.00 "
0,0,0,0,1,0,Royal Thukha,1176,2,1,0,0,0,1,1,City View,"$3,777.78 "
0,0,0,0,1,0,Royal Thukha,951,3,2,0,0,1,0,1,City View,"$15,111.11 "
0,0,0,0,1,0,Royal Thukha,1375,2,2,1,1,0,1,1,Garden View,"$20,222.22 "
0,0,0,0,1,0,Royal Thukha,1205,4,2,0,0,1,1,1,Lake View,"$5,777.78 "
0,0,0,0,1,0,Royal Thukha,1120,2,2,0,0,1,1,1,Garden View,"$14,444.44 "
0,0,0,0,1,0,Royal Thukha,1225,3,2,0,1,1,1,0,Garden View,"$18,222.22 "
0,0,0,0,1,0,The leaf condo,1725,4,3,0,0,0,1,1,City View,"$21,111.11 "
0,0,0,0,1,0,The leaf condo,1725,4,4,1,0,1,1,1,City View,"$53,333.33 "
0,0,0,0,1,0,The leaf condo,1140,3,2,1,1,1,0,1,Shwe Dagon Pagoda View,"$5,111.11 "
0,0,0,0,1,0,The leaf condo,2400,3,2,0,1,0,1,1,City View,"$20,000.00 "
0,0,0,0,1,0,The leaf condo,400,1,1,0,0,0,1,1,City View,"$7,111.11 "
0,0,0,0,1,0,The leaf condo,1150,3,2,0,1,0,1,1,City View,"$160,000.00 "
0,0,0,0,1,0,The leaf condo,1725,4,3,0,0,0,1,1,City View,"$211,111.11 "
0,0,0,0,1,0,The Leaf Condo,1250,3,5,1,0,1,1,1,City View,"$124,444.44 "
0,0,0,0,1,0,The Leaf Condo,1250,3,2,1,0,1,1,1,shwe dagon pagoda view,"$133,333.33 "
0,0,0,0,1,0,The Leaf Condo,1250,3,2,1,0,1,1,1,City View,"$51,111.11 "
0,0,0,0,1,0,The Leaf Condo,1250,3,3,1,0,1,1,1,City View,"$51,111.11 "
0,0,0,0,1,0,The Leaf Condo,1250,4,1,1,0,1,1,1,City View,"$1,488,888.89 "
0,0,0,0,1,0,The Leaf Condo,1250,3,2,1,0,1,1,1,City View,"$173,333.33 "
0,0,0,0,1,0,Ngwe Aein San,961,2,1,1,0,0,0,1,Lake View,"$7,111.11 "
0,1,0,0,0,0,16 th st Condo,1125,2,3,0,0,0,1,0,City View,"$115,555.56 "
0,1,0,0,0,0,Bahosi Condo ,1900,3,2,0,1,0,0,1,City View,"$110,888.89 "
0,1,0,0,0,0,Bahosi Condo ,1000,2,1,0,1,0,0,1,City View,"$66,666.67 "
0,1,0,0,0,0,Bar lann Condo,3000,3,3,0,0,0,1,1,City View,"$211,111.11 "
0,1,0,0,0,0,Bar lann Condo,1500,3,2,0,0,0,0,0,City View,"$137,777.78 "
0,1,0,0,0,0,Bo Aung Kyaw  Condo,990,1,1,0,0,0,0,0,City View,"$27,777.78 "
0,1,0,0,0,0,Bo Aung Kyaw Tower Condo,1600,3,2,0,0,0,0,0,City View,"$151,111.11 "
0,1,0,0,0,0,Brillance Mansion Condo,930,2,1,1,1,1,1,1,City View,"$144,444.44 "
0,1,0,0,0,0,Brillance Mansion Condo,950,2,2,1,1,1,1,1,City View,"$177,777.78 "
0,1,0,0,0,0,Brillance Mansion Condo,1200,2,2,1,0,1,1,1,City View,"$233,333.33 "
0,1,0,0,0,0,Brillance Mansion Condo,1154,3,3,1,1,1,1,1,Garden View,"$233,333.33 "
0,1,0,0,0,0,Brillance Mansion Condo,1154,3,3,1,1,1,1,1,City View,"$188,888.89 "
0,1,0,0,0,0,Brillance Mansion Condo,1134,4,2,1,1,1,1,1,City View,"$188,888.89 "
0,1,0,0,0,0,Brillance Mansion Condo,935,2,2,1,1,1,1,1,City View,"$155,555.56 "
0,1,0,0,0,0,Brillance Mansion Condo,936,2,1,1,0,1,1,1,City View,"$155,555.56 "
0,1,0,0,0,0,Brillance Mansion Condo,1154,3,2,1,1,1,1,1,City View,"$184,444.44 "
0,1,0,0,0,0,Central Tower,2600,6,1,0,0,0,0,1,City View,"$173,333.33 "
0,1,0,0,0,0,City Shine mini Condo,1512,3,3,0,0,0,0,0,City View,"$133,333.33 "
0,1,0,0,0,0,City Shine mini Condo,1250,2,2,0,0,0,0,0,City View,"$91,111.11 "
0,1,0,0,0,0,Classic Strand Condo,1921,3,2,0,1,1,1,1,River View,"$200,000.00 "
0,1,0,0,0,0,CS D88,1500,2,2,0,0,0,0,0,City View,"$122,222.22 "
0,1,0,0,0,0,Dana Thiha Condo,2500,3,2,0,0,0,0,1,City View,"$155,555.56 "
0,1,0,0,0,0,Grate Wall Condo,1350,3,1,0,1,0,1,1,City View,"$166,666.67 "
0,1,0,0,0,0,Junction Mawtin Condo,1442,3,3,1,1,1,1,1,River View,"$217,777.78 "
0,1,0,0,0,0,Junction Mawtin Condo,1500,3,3,1,1,1,1,1,River View,"$217,777.78 "
0,1,0,0,0,0,Junction Mawtin Condo,1950,4,3,0,1,1,1,1,River View,"$255,555.56 "
0,1,0,0,0,0,Kili Yiek Thar Condo ,2500,3,4,0,1,0,1,1,City View,"$333,333.33 "
0,1,0,0,0,0,Lan Thit Yiek Thar Condo,770,2,2,1,1,0,0,0,River View,"$84,444.44 "
0,1,0,0,0,0,Lan Thit Yiek Thar Condo,1225,3,2,1,1,1,1,1,City View,"$122,222.22 "
0,1,0,0,0,0,Lanmadaw 16 st Condo,1125,2,3,0,0,0,1,0,City View,"$115,555.56 "
0,1,0,0,0,0,Lanmadaw plaza Condo,1008,2,2,0,0,0,1,0,City View,"$60,000.00 "
0,1,0,0,0,0,Lann 40 mini Condo,1250,2,2,0,0,0,0,1,City View,"$108,888.89 "
0,1,0,0,0,0,Lann Thit Yiek Thar Condo,805,2,1,0,1,0,1,1,City View,"$94,444.44 "
0,1,0,0,0,0,Magical World Condo,615,2,2,1,1,1,1,1,City View,"$113,333.33 "
0,1,0,0,0,0,Magical World Condo,614,2,2,1,1,1,1,1,City View,"$104,444.44 "
0,1,0,0,0,0,Magical World Condo (Tower D),589,2,2,,,,1,1,River View,"$128,888.89 "
0,1,0,0,0,0,Medical World Condo,614,2,1,,,,0,1,City,"$113,333.33 "
0,1,0,0,0,0,Megical Condo,613,2,2,,,,0,0,City,"$106,666.67 "
0,1,0,0,0,0,Megical Condo,391,1,1,,,,0,0,City,"$75,555.56 "
0,1,0,0,0,0,Megical World Condo,698,2,2,0,0,0,0,0,City View,"$122,222.22 "
0,1,0,0,0,0,Megical World Condo,350,1,1,1,1,1,0,0,Garden View,"$68,888.89 "
0,1,0,0,0,0,Megical World Condo,350,1,1,1,1,1,1,1,City View,"$70,000.00 "
0,1,0,0,0,0,Megical World Condo,613,2,1,1,1,1,1,1,Garden View,"$144,444.44 "
0,1,0,0,0,0,Megical World Condo,398,1,1,0,0,0,0,0,City View,"$72,222.22 "
0,1,0,0,0,0,Megical World Condo,417,1,1,1,0,0,1,1,Garden View,"$91,111.11 "
0,1,0,0,0,0,Megical World Condo,392,1,1,1,0,1,1,1,City View,"$88,888.89 "
0,1,0,0,0,0,Megical World Condo,406,1,1,1,1,1,1,1,City View,"$71,111.11 "
0,1,0,0,0,0,Megical World Condo,613,2,2,1,1,1,1,1,City View,"$122,222.22 "
0,1,0,0,0,0,Megical World Condo,428,1,1,1,1,1,1,1,City View,"$75,555.56 "
0,1,0,0,0,0,Megical World Condo,348,1,1,1,1,1,1,1,City View,"$68,888.89 "
0,1,0,0,0,0,Megical World Condo ,400,1,1,1,1,1,1,1,City View,"$88,888.89 "
0,1,0,0,0,0,Megical World Stylish Condo,400,1,1,0,0,0,0,0,City View,"$73,111.11 "
0,1,0,0,0,0,Merchet Suite Condo,1470,3,3,1,1,1,1,1,City View,"$133,333.33 "
0,1,0,0,0,0,MGW Tower,2360,3,2,0,0,0,1,1,City View,"$113,333.33 "
0,1,0,0,0,0,Min Ye Kyaw Swar Condo,2200,3,3,0,1,0,1,1,City View,"$195,555.56 "
0,1,0,0,0,0,Mingalar Tower Condo,1500,3,1,0,0,0,0,1,City View,"$55,555.56 "
0,1,0,0,0,0,MWEA Tower Condo,1550,3,4,0,0,0,0,0,City View,"$117,777.78 "
0,1,0,0,0,0,Myawaddy Condo,1950,4,3,0,1,0,1,1,City View,"$255,555.56 "
0,1,0,0,0,0,Myawaddy Condo,1950,4,4,0,1,1,1,0,City View,"$255,555.56 "
0,1,0,0,0,0,Myawaddy Condo,2000,3,2,0,1,0,1,1,City View,"$255,555.56 "
0,1,0,0,0,0,Myawaddy Condo,1905,2,1,0,1,0,1,1,City View,"$177,777.78 "
0,1,0,0,0,0,Naing Group Sule Tower,742,1,1,0,1,0,1,1,City View,"$88,888.89 "
0,1,0,0,0,0,Naing Group Sule Tower Condo,1227,2,2,1,1,1,1,0,City View,"$217,777.78 "
0,1,0,0,0,0,Naing Group Tower,1500,2,1,0,1,0,0,0,City View,"$244,444.44 "
0,1,0,0,0,0,Nyaung Pin Lay Zay Condo,1250,2,1,0,1,0,1,1,City View,"$84,444.44 "
0,1,0,0,0,0,Nyaung Pin Lay Zay Condo    ,1300,1,1,0,1,0,1,1,City View,"$77,777.78 "
0,1,0,0,0,0,Nyaung Pin Lay Zay Condo     ,1300,3,2,0,1,0,1,1,City View,"$131,111.11 "
0,1,0,0,0,0,Olympic Tower Condo,3000,5,6,0,0,0,0,0,City View,"$244,444.44 "
0,1,0,0,0,0,Pan So Dan Condo,1980,3,2,0,0,0,0,0,City View,"$222,222.22 "
0,1,0,0,0,0,Pansodan business Tower,900,1,1,0,0,0,1,1,City View,"$44,444.44 "
0,1,0,0,0,0,Pansodan condo,1250,2,2,0,1,0,1,0,City View,"$122,222.22 "
0,1,0,0,0,0,Pansodan Road Tower,3000,3,2,0,1,0,1,1,City View,"$133,333.33 "
0,1,0,0,0,0,Penthouse Luxury Condo,3136,4,1,0,1,0,1,1,City View,"$555,555.56 "
0,1,0,0,0,0,Penthouse Luxury Condo,7783,5,1,0,1,0,1,1,City View,"$600,000.00 "
0,1,0,0,0,0,Phoe Sein Condo,1750,3,3,0,0,0,1,1,City View,"$82,666.67 "
0,1,0,0,0,0,Pin Lone Htate Htar Condo,1500,2,2,0,0,0,0,0,City View,"$155,555.56 "
0,1,0,0,0,0,Ruby 36 Condo,1029,2,1,0,1,0,1,0,City View,"$217,777.78 "
0,1,0,0,0,0,Ruby 36 Condo,1100,3,2,0,0,0,1,1,City View,"$33,333.33 "
0,1,0,0,0,0,Shine Condo,1250,3,2,0,1,0,1,0,City View,"$122,222.22 "
0,1,0,0,0,0,Shine Condo,3000,3,3,0,0,0,0,0,City View,"$444,444.44 "
0,1,0,0,0,0,Strand Condo,1825,4,3,0,1,0,1,1,City View,"$188,888.89 "
0,1,0,0,0,0,Strand Condo,1970,4,3,0,1,0,1,1,City View,"$144,444.44 "
0,1,0,0,0,0,Sule Square Tower,1227,2,2,1,1,1,1,1,City View,"$217,777.78 "
0,1,0,0,0,0,Sule Tower,1342,3,3,0,0,0,1,1,City View,"$134,200.00 "
0,1,0,0,0,0,Sule Tower,1350,3,3,0,0,0,0,0,City View,"$300,000.00 "
0,1,0,0,0,0,Sule Tower,1250,2,1,0,1,0,1,1,City View,"$144,444.44 "
0,1,0,0,0,0,Sule Tower 2,1227,2,2,1,0,1,1,0,City View,"$217,777.78 "
0,1,0,0,0,0,Sule Tower 2 Condo,1100,2,2,1,1,1,1,1,City View,"$106,666.67 "
0,1,0,0,0,0,Tak Lann Condo,1500,3,2,0,1,0,1,0,City View,"$122,222.22 "
0,1,0,0,0,0,Tak Lann Condo,770,2,2,1,1,0,1,1,River View,"$84,444.44 "
0,1,0,0,0,0,Time Square Condo,1800,3,2,0,1,0,1,1,City View,"$153,333.33 "
0,1,0,0,0,0,United Condo,1980,1,1,0,0,0,1,0,City View,"$244,444.44 "
0,1,0,0,0,0,War Dan Land Condo,2500,2,2,0,1,0,1,1,City View,"$91,111.11 "
0,1,0,0,0,0,Yadanar Mying Condo,1925,4,2,0,0,0,0,0,City View,"$93,333.33 "
0,1,0,0,0,0,Zizawar Condo,3800,3,3,0,0,0,0,0,Nice View,"$333,333.33 "
0,1,0,0,0,0,Zizawar Condo,7600,6,5,0,0,0,1,0,City View,"$355,555.56 "
0,0,0,0,0,1,Shwe Pyi Aye,1150,3,2,1,1,1,1,1,City View,"$4,444.44 "
0,0,0,0,0,1,Shwe Pyi Aye,1200,4,1,1,1,1,1,1,shwe dagon pagoda view,"$133,333.33 "
0,0,0,0,0,1,Shwe Pyi Aye,1280,4,1,1,1,1,1,1,Garden View,"$126,666.67 "
0,0,0,0,0,1,Shwe Pyi Aye,1300,3,2,1,1,1,1,1,Pool View,"$6,666.67 "
0,0,0,0,0,1,Shwe Pyi Aye,1350,3,2,1,1,1,1,1,Street View,"$13,333.33 "
0,0,0,0,0,1,Shwe Pyi Aye,1400,3,2,1,1,1,1,1,City View,"$64,444.44 "
0,0,0,0,0,1,Shwe Pyi Aye,1180,3,2,1,1,1,1,0,Garden View,"$7,555.56 "
0,0,0,0,0,1,Shwe Pyi Aye,1255,4,1,1,1,1,1,1,City View,"$11,111.11 "
0,0,0,0,0,1,Shwe Pyi Aye,1320,3,2,1,1,1,1,1,Pool View,"$16,000.00 "
0,0,0,0,0,1,Shwe Pyi Aye,1450,3,2,1,1,1,1,1,shwe dagon pagoda view,"$5,555.56 "
0,0,0,0,0,1,Twin Centro,1150,3,2,0,0,0,1,1,City View,"$52,000.00 "
0,0,0,0,0,1,Twin Centro,1200,2,3,1,1,1,1,1,City View,"$133,333.33 "
0,0,0,0,0,1,Twin Centro,1280,1,4,0,0,0,1,1,Garden View,"$17,333.33 "
0,0,0,0,0,1,Twin Centro,1300,3,2,1,1,1,1,1,Pool View,"$12,666.67 "
0,0,0,0,0,1,Twin Centro,1350,3,2,1,1,1,1,1,City View,"$19,777.78 "
0,0,0,0,0,1,Twin Centro,1400,3,2,1,1,1,0,1,City View,"$17,333.33 "
0,0,0,0,0,1,Twin Centro,1180,3,2,1,1,1,1,1,Garden View,"$12,444.44 "
0,0,0,0,0,1,Twin Centro,1255,3,2,1,1,1,1,1,City View,"$6,444.44 "
0,0,0,0,0,1,Twin Centro,1320,3,2,1,1,1,1,1,Pool View,"$2,666.67 "
0,0,0,0,0,1,Twin Centro,1450,3,2,1,1,1,1,1,shwe dagon pagoda view,"$138,888.89 "
0,0,0,0,0,1,Twin Centro,1100,3,2,1,1,1,1,1,City View,"$13,333.33 "
0,0,0,0,0,1,Twin Centro,1380,3,2,1,1,1,1,1,City View,"$14,888.89 "
0,0,0,0,0,1,Twin Centro,1220,3,2,1,1,1,1,1,City View,"$12,000.00 "
0,0,0,0,0,1,Twin Centro,1290,4,1,1,1,1,0,1,City View,"$12,444.44 "
0,0,0,0,0,1,Twin Centro,1345,3,2,0,0,0,1,1,City View,"$5,111.11 "
0,0,0,0,0,1,Twin Centro,1175,4,1,1,1,1,1,0,City View,"$128,444.44 "
0,0,0,0,0,1,Twin Centro,1275,3,2,1,1,1,1,1,Garden View,"$4,888.89 "
0,0,0,0,0,1,Twin Centro,1230,3,2,1,1,1,1,0,Pool View,"$148,888.89 "
0,0,0,0,0,1,Twin Centro,1190,4,1,1,1,1,1,1,City View,"$17,555.56 "
0,0,0,0,0,1,Twin Centro,1210,3,2,1,1,1,1,1,shwe dagon pagoda view,"$175,333.33 "
0,0,0,0,0,1,Twin Centro,1260,3,2,1,1,1,1,1,Street View,"$15,111.11 "
0,0,0,0,0,1,Twin Centro,1245,4,1,1,1,1,1,1,City View,"$111,111.11 "
0,0,0,0,0,1,Twin Centro,1310,3,2,1,1,1,1,1,Pool View,"$15,111.11 "
0,0,0,0,0,1,Twin Centro,1330,3,2,1,1,1,1,1,Garden View,"$3,333.33 "
0,0,0,0,0,1,Twin Centro,1160,3,2,1,1,1,1,1,City View,"$10,000.00 "
0,0,0,0,0,1,Twin Centro,1375,4,1,1,1,1,1,1,shwe dagon pagoda view,"$11,555.56 "
0,0,0,0,0,1,Twin Centro,1360,3,2,1,1,1,1,1,Pool View,"$4,000.00 "
0,0,0,0,0,1,Twin Centro,1140,3,2,1,1,1,1,1,City View,"$14,444.44 "
0,0,0,0,0,1,Twin Centro,1390,3,2,1,1,1,1,1,City View,"$12,444.44 "
0,0,0,0,0,1,Twin Centro,1425,3,2,1,1,1,1,1,City View,"$14,888.89 "
0,0,0,0,0,1,aung taw mu lan,1250,1,1,0,0,0,1,0,City View,"$1,111,111.11 "
0,0,0,0,0,1,aung taw mu lan,1250,1,1,0,0,0,1,1,City View,"$111,111.11 "
0,0,0,0,0,1,Aung Taw Mu Lan,980,2,1,0,1,0,1,1,City View,"$2,666.67 "
0,0,0,0,0,1,Aung Taw Mu Lan,1150,3,2,1,0,1,1,1,Lake View,"$12,222.22 "
0,0,0,0,0,1,Aung Taw Mu Lan,1030,3,1,0,1,0,1,1,Garden View,"$7,777.78 "
0,0,0,0,0,1,Aung Taw Mu Lan,1200,4,1,0,0,1,1,1,Street View,"$11,111.11 "
0,0,0,0,0,1,Aung Taw Mu Lan,870,2,1,0,1,0,1,1,City View,"$3,333.33 "
0,0,0,0,0,1,Aung Taw Mu Lan,1100,3,1,1,0,0,1,1,Garden View,"$10,000,000.00 "
0,0,0,0,0,1,Aung Taw Mu Lan,950,2,1,0,1,0,1,1,Lake View,"$4,888.89 "
0,0,0,0,0,1,Aung Taw Mu Lan,1050,3,1,0,0,1,1,1,City View,"$1,066,666.67 "
0,0,0,0,0,1,Aung Taw Mu Lan,980,2,1,0,1,0,1,1,Street View,"$6,666.67 "
0,0,0,0,0,1,Aung Taw Mu Lan,1155,3,2,0,0,1,1,1,Garden View,"$13,333.33 "
0,0,0,0,0,1,barkayr condo,1350,2,1,0,1,0,1,1,City View,"$333,333.33 "
0,0,0,0,0,1,blazon Condo,1600,3,1,0,1,0,1,1,City View,"$15,555.56 "
0,0,0,0,0,1,condo for rent,1558,3,3,0,1,0,1,1,Shwe Dagon Pagoda View,"$4,000.00 "
0,0,0,0,0,1,crystal condo,1900,5,2,1,1,1,1,0,City View,"$55,555.56 "
0,0,0,0,0,1,crystal condo,1927,4,2,1,1,1,1,1,"City View, river view","$511,111.11 "
0,0,0,0,0,1,Gold Land,1230,3,1,1,0,1,1,0,City View,"$111,111.11 "
0,0,0,0,0,1,Golden Land,2010,3,3,1,0,0,1,1,City View,"$217,777.78 "
0,0,0,0,0,1,Golden Land,1150,3,8,0,1,1,0,1,City View,"$129,333.33 "
0,0,0,0,0,1,Golden Land,980,2,7,1,1,0,1,1,Street View,"$1,366,666.67 "
0,0,0,0,0,1,Golden Land,1300,3,9,0,1,1,1,1,Lake View,"$211,777.78 "
0,0,0,0,0,1,Golden Land,1020,2,3,0,1,0,1,1,City View,"$11,555.56 "
0,0,0,0,0,1,Golden Land,1240,4,11,0,1,1,1,1,Garden View,"$196,444.44 "
0,0,0,0,0,1,Grand Khit thar,2400,3,1,0,0,0,1,1,City View,"$355,555.56 "
0,0,0,0,0,1,Grand Khit thar,1230,3,1,0,1,1,1,1,City View,"$11,111.11 "
0,0,0,0,0,1,Grand Khit thar,1190,3,2,1,1,0,1,1,Lake View,"$16,222.22 "
0,0,0,0,0,1,Grand Khit thar,1120,2,2,0,0,1,1,0,Garden View,"$14,444.44 "
0,0,0,0,0,1,Grand Khit thar,1300,4,1,1,1,0,1,1,Street View,"$17,333.33 "
0,0,0,0,0,1,Grand Khit thar,1090,2,1,0,1,1,1,1,Lake View,"$11,777.78 "
0,0,0,0,0,1,Grand Khit thar,1340,4,2,0,0,1,1,1,Garden View,"$21,111.11 "
0,0,0,0,0,1,Grand Khit thar,980,3,1,0,0,0,1,1,City View,"$13,555.56 "
0,0,0,0,0,1,Grand Khit thar,1270,3,2,1,0,1,1,1,Lake View,"$15,333.33 "
0,0,0,0,0,1,Grand Khit thar,1150,2,1,0,0,0,1,1,Street View,"$12,000.00 "
0,0,0,0,0,1,Grand Khit thar,1225,3,2,0,1,1,1,1,Garden,"$3,555.56 "
0,0,0,0,0,1,KBZ tower,1304,3,1,1,1,1,1,1,City View,"$9,555.56 "
0,0,0,0,0,1,Khay Mar Residence,1500,4,1,0,1,1,1,1,City View,"$51,111.11 "
0,0,0,0,0,1,Khay Mar Residence,1588,2,2,0,1,0,1,1,City View,"$4,000.00 "
0,0,0,0,0,1,Khay Mar Residence,1588,3,3,0,1,1,1,0,City View,"$10,000.00 "
0,0,0,0,0,1,Khay Mar Residence,2450,4,4,0,1,0,1,1,City View,"$28,888.89 "
0,0,0,0,0,1,Khay Mar Residence,2540,4,3,0,1,0,1,1,City View,"$3,333.33 "
0,0,0,0,0,1,Khay Mar Residence,1558,3,1,0,1,0,1,1,City View,"$4,000.00 "
0,0,0,0,0,1,Khay Mar Residence,2540,3,1,0,1,0,1,1,City View,"$31,111.11 "
0,0,0,0,0,1,Khay Mar Residence,1500,4,1,0,1,0,1,1,City View,"$200,000.00 "
0,0,0,0,0,1,Khay Mar Residence,2540,2,1,0,1,0,1,1,City View,"$33,333.33 "
0,0,0,0,0,1,Khay Mar Residence,1500,2,1,0,1,0,1,1,City View,"$200,000.00 "
0,0,0,0,0,1,Khay Mar Residence,2540,3,1,0,1,0,1,1,City View,"$288,888.89 "
0,0,0,0,0,1,Khay Mar Residence,1330,2,1,0,1,0,1,1,City View,"$108,888.89 "
0,0,0,0,0,1,Khay Mar Residence,2540,5,5,0,1,0,1,1,City View,"$288,888.89 "
0,0,0,0,0,1,La mie,1680,1,2,0,0,0,1,1,City View,"$15,555.56 "
0,0,0,0,0,1,Mingalr lan,1500,3,2,0,0,0,1,1,City View,"$3,777.78 "
0,0,0,0,0,1,mini condo,1250,3,2,0,1,0,1,1,City View,"$111,111.11 "
0,0,0,0,0,1,mini condo,1200,2,1,0,1,1,1,1,City View,"$4,444.44 "
0,0,0,0,0,1,mini condo,1250,4,1,0,0,1,1,1,City View,"$154,444.44 "
0,0,0,0,0,1,mini condo,1160,2,1,0,1,0,0,1,City View,"$333,333.33 "
0,0,0,0,0,1,mini condo,1250,2,2,0,0,0,1,1,City View,"$2,222.22 "
0,0,0,0,0,1,mini condo,1792,3,1,0,0,0,1,1,City View,"$4,000.00 "
0,0,0,0,0,1,Myat Mingalr,1250,4,2,0,1,1,1,1,City View,"$1,333,333.33 "
0,0,0,0,0,1,Myat Mingalr,2014,3,4,1,0,1,1,1,Shwe Dagon Pagoda View,"$133,333.33 "
0,0,0,0,0,1,Myat Mingalr,2000,3,2,1,1,1,1,1,Shwe Dagon Pagoda View,"$133,333.33 "
0,0,0,0,0,1,Myat Mingalr,2022,3,4,0,1,0,1,1,City View,"$400,000.00 "
0,0,0,0,0,1,Myat Mingalr,2014,3,1,0,0,0,1,1,City View,"$400,000.00 "
0,0,0,0,0,1,myay ni kone mini condo,1250,2,2,0,1,0,1,1,City View,"$333,333.33 "
0,0,0,0,0,1,myay ni kone mini condo,1800,3,3,0,1,0,1,1,City View,"$1,444,444.44 "
0,0,0,0,0,1,Myay nu lan condo,1600,3,2,0,0,0,1,1,City View,"$5,555.56 "
0,0,0,0,0,1,Myay nu lan condo,1550,3,2,0,1,0,1,1,City View,"$188,888.89 "
0,0,0,0,0,1,Myay nu lan condo,1580,2,1,0,0,0,1,1,City View,"$177,777.78 "
0,0,0,0,0,1,Myay Nu Lan Condo,1150,3,5,0,1,1,1,1,City View,#VALUE!
0,0,0,0,0,1,Myay Nu Lan Condo,980,2,7,1,1,0,1,1,Street View,"$13,666.67 "
0,0,0,0,0,1,Myay Nu Lan Condo,1300,3,9,0,1,1,0,1,Lake View,"$21,177.78 "
0,0,0,0,0,1,Myay Nu Lan Condo,1020,2,3,0,1,0,1,1,City View,"$11,555.56 "
0,0,0,0,0,1,Myay Nu Lan Condo,1240,4,11,0,1,1,1,1,Garden View,"$19,644.44 "
0,0,0,0,0,1,Nan_Htite_TawWin,1750,4,3,1,1,0,1,1,City View,"$6,666.67 "
0,0,0,0,0,1,Nan_Htite_TawWin,1750,4,3,0,1,0,1,1,City View,"$217,777.78 "
0,0,0,0,0,1,one bed condo,950,1,1,0,1,0,1,1,City View,"$177,777.78 "
0,0,0,0,0,1,penthouse ,2300,3,1,0,0,0,1,1,City View,"$41,777.78 "
0,0,0,0,0,1,Pyay Garden ,900,4,3,1,1,1,1,1,City View,"$1,444,444.44 "
0,0,0,0,0,1,Pyay Garden ,900,1,1,1,1,1,1,0,City View,"$1,688,888.89 "
0,0,0,0,0,1,Pyay Garden ,1200,3,1,1,0,1,1,1,City View,"$154,444.44 "
0,0,0,0,0,1,red hill condo,1480,3,2,0,1,0,1,1,City View,"$4,000.00 "
0,0,0,0,0,1,red hill condo,1520,3,3,0,1,0,1,1,City View,"$6,666.67 "
0,0,0,0,0,1,red hill condo,1250,3,2,1,1,1,1,1,City View,"$66,666.67 "
0,0,0,0,0,1,red hill condo,1711,2,1,0,0,0,1,1,City View,"$266,666.67 "
0,0,0,0,0,1,red hill condo,2760,6,1,1,1,1,1,1,City View,"$6,222.22 "
0,0,0,0,0,1,red hill condo,1711,6,1,1,1,1,1,1,City View,"$6,666.67 "
0,0,0,0,0,1,red hill condo,1787,5,1,1,1,1,1,0,City View,"$222,222.22 "
0,0,0,0,0,1,red hill condo,1504,5,1,1,1,1,1,1,City View,"$1,888,888.89 "
0,0,0,0,0,1,red hill condo,1304,2,1,1,1,1,1,1,City View,"$1,000,000.00 "
0,0,0,0,0,1,red hill condo,866,2,1,1,0,1,1,1,City View,"$40,000.00 "
0,0,0,0,0,1,red hill condo,1007,1,1,0,1,1,1,1,City View,"$17,111.11 "
0,0,0,0,0,1,red hill condo,1142,3,1,1,1,0,1,1,City View,"$171,777.78 "
0,0,0,0,0,1,red hill condo,1321,4,2,1,1,1,1,1,Lake View,"$9,111.11 "
0,0,0,0,0,1,red hill condo,1300,4,1,0,0,0,1,1,Street View,"$17,333.33 "
0,0,0,0,0,1,red hill condo,1150,2,1,0,0,0,1,1,Street View,"$12,000.00 "
0,0,0,0,0,1,red hill condo,1150,3,2,1,1,1,0,1,City View,"$128,888.89 "
0,0,0,0,0,1,red hill condo,1200,3,2,1,1,1,1,1,City View,"$1,333,333.33 "
0,0,0,0,0,1,red hill condo,1280,3,2,1,1,1,1,1,Garden View,"$126,666.67 "
0,0,0,0,0,1,red hill condo,1300,3,2,1,1,0,1,0,Pool View,"$131,111.11 "
0,0,0,0,0,1,red hill condo,1350,3,2,1,1,1,1,1,Street View,"$135,555.56 "
0,0,0,0,0,1,red hill condo,1400,3,2,1,1,1,1,1,City View,"$134,444.44 "
0,0,0,0,0,1,red hill condo,1180,3,2,1,1,1,1,1,Garden View,"$132,222.22 "
0,0,0,0,0,1,red hill condo,1255,3,2,1,1,1,1,1,City View,"$18,888.89 "
0,0,0,0,0,1,red hill condo,1320,4,1,1,1,1,1,1,Pool View,"$136,000.00 "
0,0,0,0,0,1,red hill condo,1450,4,1,1,1,1,1,1,shwe dagon pagoda view,"$14,000.00 "
0,0,0,0,0,1,Royal Sinmin ,1800,3,2,1,1,1,1,1,City View,"$58,888.89 "
0,0,0,0,0,1,Sanchoung condo,1500,3,1,1,1,1,1,1,City View,"$333,333.33 "
0,0,0,0,0,1,Sanchoung Condo,1120,2,2,0,0,0,1,1,City View,"$7,333.33 "
0,0,0,0,0,1,Sanchoung Condo,1250,3,2,1,1,1,1,1,Lake View,"$17,555.56 "
0,0,0,0,0,1,Sanchoung Condo,980,3,1,0,0,0,1,1,City View,"$10,666.67 "
0,0,0,0,0,1,Sanchoung Condo,1180,3,2,0,1,0,1,1,City View,"$12,444.44 "
0,0,0,0,0,1,Sanchoung Condo,1020,1,2,0,1,1,1,1,City View,"$8,822.22 "
0,0,0,0,0,1,Sanchoung Condo,1340,4,2,0,1,0,1,1,City View,"$16,444.44 "
0,0,0,0,0,1,Sanchoung Condo,900,2,1,0,0,0,1,1,City View,"$6,888.89 "
0,0,0,0,0,1,Sanchoung Condo,1100,2,2,0,1,0,1,1,City View,"$10,000.00 "
0,0,0,0,0,1,Sanchoung Condo,1200,3,2,0,0,1,1,1,City View,"$13,333.33 "
0,0,0,0,0,1,Sanchoung Condo,950,2,2,0,0,0,1,1,City View,"$8,000.00 "
0,0,0,0,0,1,Sanchoung Garden residence,1056,2,1,1,1,1,1,1,City View,"$124,444.44 "
0,0,0,0,0,1,Sanchoung Garden residence,1500,3,1,1,1,0,1,1,City View,"$8,222.22 "
0,0,0,0,0,1,Sanchoung Garden residence,9800,1,1,1,1,1,1,1,City View,"$17,333.33 "
0,0,0,0,0,1,Sanchoung Garden residence,1500,2,2,0,1,1,1,0,City View,"$7,111.11 "
0,0,0,0,0,1,Sanchoung Garden residence,980,3,2,1,1,0,1,1,City View,"$5,555.56 "
0,0,0,0,0,1,Sanchoung Garden residence,1500,4,2,1,0,1,1,1,Shwe Dagon Pagoda View,"$66,666.67 "
0,0,0,0,0,1,Sanchoung Garden residence,1056,2,2,1,1,1,0,1,City View,"$4,666.67 "
0,0,0,0,0,1,Sanchoung Garden residence,1150,2,2,1,1,1,1,1,City View,"$11,333.33 "
0,0,0,0,0,1,Sanchoung Garden residence,1056,3,3,1,1,1,1,1,City View,"$177,777.78 "
0,0,0,0,0,1,Sanchoung Garden residence,1056,2,2,1,1,1,1,1,City View,"$5,555.56 "
0,0,0,0,0,1,Sanchoung Garden residence,1050,2,2,1,1,1,1,1,City View,"$152,222.22 "
0,0,0,0,0,1,Sanchoung Garden residence,1056,2,2,1,1,1,1,1,City View,"$10,000.00 "
0,0,0,0,0,1,Sanchoung Garden residence,1056,3,2,1,1,1,1,1,Shwe Dagon Pagoda View,"$18,444.44 "
0,0,0,0,0,1,Sanchoung Garden residence,2000,3,2,1,1,1,1,1,City View,"$33,333.33 "
0,0,0,0,0,1,Sanchoung Garden residence,2500,3,1,1,1,1,1,1,City View,"$55,555.56 "
0,0,0,0,0,1,Sanchoung Garden residence,1056,2,1,1,1,1,1,1,City View,"$10,444.44 "
0,0,0,0,0,1,Sanchoung Garden residence,1056,2,1,1,0,1,1,1,windsor view,"$133,333.33 "
0,0,0,0,0,1,Sanchoung Garden residence,1056,2,1,1,1,1,1,1,windsor view,"$12,444.44 "
0,0,0,0,0,1,Sanchoung Garden residence,800,2,1,1,1,1,1,1,Shwe Dagon Pagoda View,"$111,111.11 "
0,0,0,0,0,1,Sanchoung Garden residence,1250,3,2,1,1,1,1,1,City View,"$17,555.56 "
0,0,0,0,0,1,Sanchoung Garden residence,1250,3,1,1,1,1,1,1,City View,"$17,333.33 "
0,0,0,0,0,1,Sanchoung Garden residence,1250,4,1,1,1,1,1,1,City View,"$1,044,444.44 "
0,0,0,0,0,1,Sanchoung Garden residence,1250,3,2,1,1,1,1,1,windsor view,"$1,222,222.22 "
0,0,0,0,0,1,Sanchoung Garden residence,980,2,1,1,1,1,1,1,City View,"$155,555.56 "
0,0,0,0,0,1,Sanchoung Garden residence,1056,2,1,1,1,1,1,1,City View,"$188,888.89 "
0,0,0,0,0,1,Sanchoung Garden residence,1056,2,1,1,1,1,1,1,Shwe Dagon Pagoda View,"$644,444.44 "
0,0,0,0,0,1,Sanchoung Garden residence,960,1,1,0,1,0,1,1,City View,"$1,444,444.44 "
0,0,0,0,0,1,Shwe pyi aye,1500,3,3,1,1,0,1,1,City View,"$755,555.56 "
0,0,0,0,0,1,Shwe pyi aye,1200,2,1,0,1,0,1,0,City View,"$7,555.56 "
0,0,0,0,0,1,Shwe pyi aye,1200,2,1,0,1,1,1,1,City View,"$155,555.56 "
0,0,0,0,0,1,Shwe pyi aye,1500,3,1,0,0,1,1,1,City View,"$266,666.67 "
0,0,0,0,0,1,timecity condo ,1250,2,1,1,1,1,1,0,City View,"$111,111.11 "
0,0,0,0,0,1,Twin Centro ,1600,2,1,1,1,0,1,1,City View,"$222,222.22 "
0,0,0,0,0,1,Twin Centro ,1600,3,1,0,0,1,1,1,City View,"$333,333.33 "
0,0,0,0,0,1,Twin Centro ,1759,5,1,1,1,1,1,1,City View,"$32,222.22 "
0,0,0,0,0,1,Twin Centro ,2430,4,3,1,1,1,1,1,City View,"$3,333.33 "
0,0,0,0,0,1,Twin Centro ,2430,3,4,0,0,0,1,1,City View,"$34,444.44 "
0,0,0,0,0,1,Twin Centro ,1784,2,1,0,0,0,1,1,river_view,"$2,444.44 "
0,0,0,0,0,1,Twin Centro ,1600,2,1,1,1,1,1,1,City View,"$7,111.11 "
0,0,0,0,0,1,Twin Centro ,2430,3,2,0,0,0,1,1,City View,"$333,333.33 "
0,0,0,0,0,1,two bed condo,1500,2,1,0,1,0,0,1,City View,"$34,444.44 "
0,0,0,0,0,1,Win Sar Residence,2400,4,4,0,1,1,1,1,City View,"$8,222.22 "
0,0,0,0,0,1,Windsor,1500,3,2,1,0,0,1,1,City View,"$12,666.67 "
0,0,0,0,0,1,Windsor,900,1,1,0,0,1,1,1,City View,"$111,111.11 "
0,0,0,0,0,1,Windsor,2294,2,1,0,0,0,1,1,City View,"$17,333.33 "
0,0,0,0,0,1,zabu rit,1800,4,1,0,0,0,1,1,City View,"$19,777.78 "
0,0,0,0,0,1,zabu rit,1800,4,2,0,0,0,0,0,City View,"$20,000.00 "
0,0,0,0,0,1,Zaburit,1140,4,1,0,0,0,1,1,City View,"$17,333.33 "
0,0,0,0,0,1,Zaburit,1117,3,2,1,0,1,1,1,Garden View,"$20,000.00 "
0,0,0,0,0,1,Zaburit,1226,2,1,0,0,0,1,1,City View,"$18,888.89 "
0,0,0,0,0,1,Zaburit,1340,4,2,0,0,1,1,1,Garden View,"$21,111.11 "
0,0,0,1,0,0,Zay Tan Condo,2254,3,3,0,1,0,1,0,City View,"$1,300,000.00 "
0,0,0,1,0,0,Eain Yar Won Condo,1500,3,2,0,1,0,1,1,City View,"$888,888.89 "
0,0,0,1,0,0,InNo City,962,4,2,0,0,0,0,0,City View,"$1,333,333.33 "
0,0,0,1,0,0,InNo City,961,3,1,0,0,0,0,0,City View,"$1,777,777.78 "
0,0,0,1,0,0,InNo City,1200,3,2,0,0,0,0,0,City View,"$2,111,111.11 "
0,0,0,1,0,0,InNo City,1560,3,1,0,0,0,0,0,City View,"$3,333,333.33 "
0,0,0,1,0,0,InNo City,1560,3,2,0,0,0,0,0,City View,"$3,444,444.44 "
0,0,0,1,0,0,Mini Condo,725,1,1,0,0,0,1,1,City View,"$588,888.89 "
0,0,0,1,0,0,Cherry Condo,1300,3,2,1,1,1,1,1,City View,"$933,333.33 "
0,0,0,1,0,0,Mini Condo,972,2,2,0,0,0,0,0,City View,"$711,111.11 "
0,0,0,1,0,0,Cherry Condo,1350,3,2,1,0,1,0,1,City View,"$944,444.44 "
0,0,0,1,0,0,Mini Condo,918,2,1,0,0,0,0,0,City View,"$706,666.67 "
0,0,0,1,0,0,Serene Condo,1250,2,2,1,1,1,1,1,City View,"$1,800,000.00 "
0,0,0,1,0,0,Luxury Condo,1199,3,2,0,0,0,1,1,Goft View,"$2,066,666.67 "
0,0,0,1,0,0,InNo City,1200,3,2,1,0,1,1,1,City View,"$1,844,444.44 "
0,0,0,1,0,0,Cherry Garden Condo,1350,3,2,0,1,0,1,1,City View,"$944,444.44 "
0,0,0,1,0,0,Sar Ga Residence Condo,2254,3,2,0,1,0,1,1,City View,"$1,300,000.00 "
0,0,0,1,0,0,InNo City,925,3,1,1,1,1,1,1,City View,"$1,666,666.67 "
0,0,0,1,0,0,InNo City,1300,3,1,1,1,1,1,1,City View,"$2,666,666.67 "
0,0,0,1,0,0,Mini Condo,972,2,2,0,1,0,1,0,City View,"$744,444.44 "
0,0,0,1,0,0,Mini Condo,1026,2,2,0,1,0,1,0,City View,"$855,555.56 "
0,0,0,1,0,0,Mini Condo,1242,2,1,0,0,0,0,0,City View,"$1,444,444.44 "
0,0,0,1,0,0,Mini Condo,1026,2,2,0,0,0,0,0,City View,"$722,222.22 "
0,0,0,1,0,0,Mini Condo,918,1,2,0,0,0,1,0,City View,"$555,555.56 "
0,0,0,1,0,0,Mini Condo,972,2,2,0,0,0,1,0,City View,"$877,777.78 "
0,0,0,1,0,0,Mini Condo,2303,3,3,0,1,0,1,1,City View,"$1,300,000.00 "
0,0,0,1,0,0,Mini Condo,972,2,2,0,1,0,1,1,City View,"$877,777.78 "
0,0,0,1,0,0,Luxury Condo,1199,3,2,0,0,1,1,1,City View,"$2,066,666.67 "
0,0,0,1,0,0,Eain Yar Won Condo,1350,3,2,0,1,0,1,1,City View,"$944,444.44 "
0,0,0,1,0,0,InNo City,961,3,2,1,0,1,1,1,City View,"$1,777,777.78 "
0,0,0,1,0,0,InNo City,925,3,2,1,0,1,1,1,City View,"$1,444,444.44 "
0,0,0,1,0,0,Eain Yar Won Condo,1200,3,3,0,0,0,0,0,City View,"$1,600,000.00 "
0,0,0,1,0,0,Mini Condo,1458,2,3,0,0,0,0,0,City View,"$933,333.33 "
0,0,0,1,0,0,Cherry Garden Condo,1250,3,2,0,1,0,0,1,City View,"$933,333.33 "
0,0,0,1,0,0,Yadanar Housing Condo,12500,3,2,0,1,0,0,1,City View,"$1,044,444.44 "
0,0,0,1,0,0,InNo City,1400,3,2,1,1,1,1,1,City View,"$1,555,555.56 "
0,0,0,1,0,0,InNo City,1800,2,2,0,0,0,1,1,City View,"$1,577,777.78 "
0,0,0,1,0,0,Mini Condo,918,1,1,0,0,0,1,1,City View,"$755,555.56 "
0,0,0,1,0,0,Mini Condo,1026,2,1,0,0,0,1,1,City View,"$1,066,666.67 "
0,0,0,1,0,0,Thit Sar Mini Condo,1752,4,3,0,0,0,1,0,City View,"$1,444,444.44 "
0,0,0,1,0,0,InNo City,925,3,2,1,1,0,0,1,City View,"$1,555,555.56 "
0,0,0,1,0,0,InNo City,1199,3,1,1,1,0,0,1,City View,"$2,066,666.67 "
0,0,0,1,0,0,InNo City,1205,3,1,1,1,0,0,1,City View,"$2,066,666.67 "
0,0,0,1,0,0,InNo City,1600,3,2,1,1,0,0,1,City View,"$3,333,333.33 "
0,0,0,1,0,0,InNo City,1600,3,1,1,1,0,0,1,City View,"$3,333,333.33 "
0,0,0,1,0,0,Thit Sar Garden Condo,2000,2,2,0,1,0,1,1,City View,"$1,088,888.89 "
0,0,0,1,0,0,IB Condo,1650,3,2,0,1,0,1,1,City View,"$1,711,111.11 "
0,0,0,1,0,0,IB Condo,1800,2,3,0,1,0,0,1,City View,"$1,222,222.22 "
0,0,0,1,0,0,IB Condo,1653,3,2,0,1,0,1,1,City View,"$1,222,222.22 "
0,0,0,1,0,0,IB Condo,1653,3,2,0,1,0,1,1,City View,"$1,222,222.22 "
0,0,0,1,0,0,Mini Condo,1500,3,2,0,1,0,1,1,City View,"$1,222,222.22 "
0,0,0,1,0,0,Mini Condo,1500,3,2,0,1,0,1,1,City View,"$1,244,444.44 "
0,0,0,1,0,0,Mini Condo,972,2,2,0,1,0,1,0,City View,"$711,111.11 "
0,0,0,1,0,0,Mini Condo,1045,2,1,0,0,0,0,1,City View,"$555,555.56 "
0,0,0,1,0,0,Semi Condo,1120,2,2,0,1,0,1,1,City View,"$1,022,222.22 "
0,0,0,1,0,0,Luxury Condo,1026,2,2,0,0,0,0,0,City View,"$655,555.56 "
0,0,0,1,0,0,Mini Condo,918,1,2,0,0,0,1,0,City View,"$555,555.56 "
0,0,0,1,0,0,Mini Condo,972,2,2,0,0,0,0,0,City View,"$711,111.11 "
0,0,0,1,0,0,Mini Condo,972,2,2,0,1,0,0,0,City View,"$744,444.44 "
0,0,0,1,0,0,Mini Condo,918,2,1,0,1,0,1,0,City View,"$688,888.89 "
0,0,0,1,0,0,Mini Condo,972,2,2,0,0,0,0,0,City View,"$877,777.78 "
0,0,0,1,0,0,Cherry Garden Condo,1300,3,2,1,1,0,1,1,City View,"$933,333.33 "
0,0,0,1,0,0,Mini Condo,972,2,1,0,0,0,0,0,City View,"$877,777.78 "
0,0,1,0,0,0,Golden City,1651,3,2,1,1,1,1,1,City View,"$2,177,777.78 "
0,0,1,0,0,0,Luaxury Golden City ,2244,4,2,1,1,1,1,1,No View,"$3,888,888.89 "
0,0,1,0,0,0,Kanbae Tower,800,2,1,1,1,0,0,1,Pool View,"$1,377,777.78 "
0,0,1,0,0,0,Shwe Moe Kaung,1690,4,3,1,1,1,1,1,No View,"$1,700,000.00 "
0,0,1,0,0,0,Aung Chan Thar,1250,2,2,0,1,0,1,1,No View,"$1,333,333.33 "
0,0,1,0,0,0,Kanbae Tower Luaxury,1035,3,2,1,1,1,1,1,City View,"$1,666,666.67 "
0,0,1,0,0,0,Space Yankin,1771,3,2,1,1,1,1,1,City View,"$2,555,555.56 "
0,0,1,0,0,0,Golden City,1776,3,2,1,1,1,1,1,City View,"$2,222,222.22 "
0,0,1,0,0,0,Kanbae Tower,1120,2,1,1,1,1,1,1,City View,"$1,666,666.67 "
0,0,1,0,0,0,Golden City,950,2,2,1,1,1,1,1,No View,"$1,666,666.67 "
0,0,1,0,0,0,Star Villa ,1356,3,3,0,1,1,1,1,No View,"$2,333,333.33 "
0,0,1,0,0,0,Golden City,986,2,2,0,0,0,0,1,City View,"$1,777,777.78 "
0,0,1,0,0,0,Kanbae Tower,800,2,2,1,1,1,1,1,City View,"$1,444,444.44 "
0,0,1,0,0,0,Kanbae Tower,1100,3,2,1,1,1,1,1,City View,"$1,933,333.33 "
0,0,1,0,0,0,Shwe Yinn Mar,1260,2,2,0,1,0,1,1,No View,"$1,033,333.33 "
0,0,1,0,0,0,Boe YarZar,1798,4,2,0,0,0,0,1,No View,"$1,777,777.78 "
0,0,1,0,0,0,Shwe Moe Kaung,1790,4,2,0,0,0,0,0,City View,"$222,222.22 "
0,0,1,0,0,0,Avenue 18,1189,2,2,0,0,0,0,0,City View,"$1,844,444.44 "
0,0,1,0,0,0,Shwe Moe Kaung,2100,3,3,1,1,1,1,1,City View,"$1,611,111.11 "
0,0,1,0,0,0,Golden City,1742,3,2,0,0,0,1,1,City View,"$2,333,333.33 "
0,0,1,0,0,0,Avenue 18,1306,3,3,0,0,0,0,1,City View,"$1,733,333.33 "
0,0,1,0,0,0,Space Yankin,1168,2,1,0,0,0,0,0,City View,"$2,177,777.78 "
0,0,1,0,0,0,Golden City,2000,4,4,1,1,1,1,1,City View,"$2,866,666.67 "
0,0,1,0,0,0,Green Inya,1950,3,1,0,0,0,0,0,City View,"$244,444.44 "
0,0,1,0,0,0,Space Yankin,1550,3,1,0,0,0,0,0,City View,"$2,666,666.67 "
0,0,1,0,0,0,Kanbae Tower,780,2,1,0,0,0,0,0,City View,"$1,377,777.78 "
0,0,1,0,0,0,Star Villa ,1350,3,2,0,0,0,0,0,City View,"$2,000,000.00 "
0,0,1,0,0,0,Sky Suite Condo,1280,2,1,0,0,0,0,0,City View,"$2,666,666.67 "
0,0,1,0,0,0,The Central Condo,1156,2,1,0,0,0,0,0,Inya View,"$2,666,666.67 "
0,0,1,0,0,0,Shwe Moe Kaung,2000,3,2,0,0,0,0,0,City View,"$1,733,333.33 "
0,0,1,0,0,0,Royal Thitsar Condo,942,2,1,0,0,0,0,0,City View,"$1,400,000.00 "
0,0,1,0,0,0,Sky Suite Condo,1669,3,2,1,1,1,1,1,City View,"$4,111,111.11 "
0,0,1,0,0,0,Avenue 18,1298,3,3,1,1,1,1,1,City View,"$1,533,333.33 "
0,0,1,0,0,0,Kyouk Kone,1600,3,3,0,0,0,0,1,City View,"$1,333,333.33 "
0,0,1,0,0,0,Yankin Center,1700,3,3,0,0,0,0,0,City View,"$1,777,777.78 "
0,0,1,0,0,0,Golden City,1243.5,2,2,0,0,0,0,0,City View,"$213,333.33 "
0,0,1,0,0,0,Jewel Residence,1350,3,2,0,1,0,1,1,City View,"$1,666,666.67 "
0,0,1,0,0,0,Golden City,1738,3,2,1,1,1,1,1,City View,"$1,177,777.78 "
0,0,1,0,0,0,Space Condo,2256,2,6,1,1,1,1,1,Inya View,"$13,333,333.33 "
0,0,1,0,0,0,Space Condo,1248,1,2,1,1,1,1,1,Pool View,"$733,333.33 "
0,0,1,0,0,0,Space Condo,1168,1,2,1,1,1,1,1,Pool View,"$666,666.67 "
0,0,1,0,0,0,Hnin Kyar Phyu Condo,2500,2,1,0,0,0,1,0,City View,"$800,000.00 "
0,0,1,0,0,0,The Central Condo,1304,3,1,1,1,1,1,1,City View,"$300,000.00 "
0,0,1,0,0,0,Sky Suite Condo,1280,3,2,1,1,1,1,1,City View,$273.07 
0,0,1,0,0,0,Golden City,769,2,2,0,0,0,1,1,City View,"$733,333.33 "
0,0,1,0,0,0,Golden City,1238,2,1,0,0,0,0,0,City View,"$2,000,000.00 "
0,0,1,0,0,0,Shwe Thitsar Condo,1600,3,3,0,1,0,1,1,City View,"$1,177,777.78 "
0,0,1,0,0,0,Golden City,983.36,2,2,1,0,1,1,1,City View,"$1,777,777.78 "
0,0,1,0,0,0,Avenue 18,1189,2,1,1,1,1,1,1,City View,"$1,844,444.44 "
0,0,1,0,0,0,The Central Condo,2087,3,2,1,1,1,1,0,City View,"$9,333,333.33 "
0,0,1,0,0,0,Aung Chan Thar Condo,1302,2,2,1,1,1,1,1,City View,"$1,444,444.44 "
0,0,1,0,0,0,Aung Chan Thar Condo,1302,2,2,1,1,1,1,1,City View,"$1,177,777.78 "
0,0,1,0,0,0,Kanbae Tower Condo,450,1,1,1,1,1,1,1,City View,"$1,044,444.44 "
0,0,1,0,0,0,The Lake Suite Condo,961,2,2,1,1,1,1,1,City View,"$3,444,444.44 "
0,0,1,0,0,0,The Lake Suite Condo,755,1,1,1,1,1,1,1,City View,"$2,177,777.78 "
0,0,1,0,0,0,The Lake Suite Condo,960,2,1,0,1,0,1,1,City View,"$2,444,444.44 "
0,0,1,0,0,0,The Lake Suite Condo,983,2,1,1,0,1,1,1,City View,"$1,777,777.78 "
0,0,1,0,0,0,Avenue 18,1306,3,3,1,1,1,1,1,City View,"$2,066,666.67 "
0,0,1,0,0,0,Golden City,1735,2,1,1,1,1,1,1,City View,"$3,222,222.22 "
0,0,1,0,0,0,Mini Condo,2125,2,1,0,0,0,1,0,City View,"$1,333,333.33 "
0,0,1,0,0,0,Golden City,760,2,2,1,1,1,1,1,City View,"$1,266,666.67 "
0,0,1,0,0,0,Sky View Condo,2850,7,6,1,1,1,1,1,City View,"$2,888,888.89 "
0,0,1,0,0,0,Golden City,1291,3,2,1,1,1,1,1,City View,"$1,600,000.00 "
0,0,1,0,0,0,Kanbae Tower Condo,857,2,2,1,1,1,1,1,City View,"$1,042,222.22 "
0,0,1,0,0,0,Avenue 18,1189,3,2,1,0,1,1,1,City View,"$1,555,555.56 "
0,0,1,0,0,0,Kanbae Tower Condo,780,2,2,1,1,1,1,0,City View,"$1,111,111.11 "
0,0,1,0,0,0,The Central Condo,1175,2,2,1,1,1,1,1,City View,"$1,800,000.00 "
0,0,1,0,0,0,Sky View Condo,2950,6,5,1,1,1,1,1,City View,"$3,111,111.11 "
0,0,1,0,0,0,Pyi Myanmar San Condo,3180,4,4,0,1,0,1,1,City View,"$2,444,444.44 "
0,0,1,0,0,0,Kanbae Tower Condo,908,2,2,1,1,1,1,1,City View,"$1,000,000.00 "
0,0,1,0,0,0,The Central Condo,869,1,1,1,1,1,1,1,City View,"$1,066,666.67 "
0,0,1,0,0,0,Kanbae Tower Condo,908,2,2,1,1,1,1,1,City View,"$888,888.89 "
0,0,1,0,0,0,Kanbae Tower Condo,800,2,1,1,1,1,0,1,City View,"$888,888.89 "
0,0,1,0,0,0,Kanbae Tower Condo,470,1,1,1,1,1,0,0,City View,"$655,555.56 "
0,0,1,0,0,0,Bauk Htaw,1755,3,3,0,0,0,0,0,City View,"$1,000,000.00 "
0,0,1,0,0,0,Yankin(ILBC),1550,3,2,0,1,0,1,1,City View,"$1,511,111.11 "
0,0,1,0,0,0,Space Yankin Condo,1168,2,2,1,1,0,1,1,City View,"$2,177,777.78 "
0,0,1,0,0,0,Yankin(Moe Kaung),1350,3,3,0,0,0,1,1,City View,"$1,666,666.67 "
0,0,1,0,0,0,Aung Zay Ya Condo,1872,2,3,0,1,0,0,0,City View,"$1,555,555.56 "
0,0,1,0,0,0,Royal Thitsar Condo,743,2,1,1,0,1,1,0,City View,"$1,277,777.78 "
0,0,1,0,0,0,Jewel Residence Condo,1400,3,3,0,1,1,1,1,City View,"$2,155,555.56 "
0,0,1,0,0,0,Wati Oo Condo,1850,1,1,0,0,0,1,0,City View,"$1,266,666.67 "
0,0,1,0,0,0,Golden City,789,2,1,0,0,0,0,0,City View,"$1,444,444.44 "
0,0,1,0,0,0,Bauk Htaw,1650,3,2,0,1,0,1,1,City View,"$1,066,666.67 "
0,0,1,0,0,0,Golden City,760,2,1,1,1,0,1,1,City View,"$1,511,111.11 "
0,0,1,0,0,0,Sein Lae Aung Condo,1970,3,3,1,1,1,1,1,City View,"$2,777,777.78 "
0,0,1,0,0,0,Suniram Park Condo,1400,3,3,0,1,1,1,1,City View,"$2,333,333.33 "
0,0,1,0,0,0,Aung Zay Ya Condo,1200,3,2,0,1,0,1,1,City View,"$1,333,333.33 "
0,0,1,0,0,0,Sky Suite Condo,1260,2,2,1,1,1,1,1,City View,"$2,666,666.67 "
0,0,1,0,0,0,Golden City,983,2,2,1,1,1,1,0,City View,"$1,777,777.78 "
0,0,1,0,0,0,The Central Condo,1900,3,2,1,1,1,1,1,Lake View,"$8,888,888.89 "
0,0,1,0,0,0,Shwe Moe Kaung,2100,4,3,0,0,0,0,0,City View,"$1,566,666.67 "
0,0,1,0,0,0,Aung Chan Thar Condo,1150,2,2,0,1,0,1,1,City View,"$1,288,888.89 "
0,0,1,0,0,0,Golden City,1680,3,2,1,1,1,1,1,Shwedagon Pagoda View,"$2,666,666.67 "
0,0,1,0,0,0,Golden City,1650,3,2,1,1,1,1,1,Inya View,"$2,666,666.67 "
0,0,1,0,0,0,Golden City,1735,3,2,1,1,1,1,1,City View,"$3,666,666.67 "
0,0,1,0,0,0,Golden City,950,2,2,1,1,1,1,1,City View,"$1,666,666.67 "
0,0,1,0,0,0,Golden City,896,2,2,1,1,1,1,1,City View,"$1,822,222.22 "
0,0,1,0,0,0,Shwe Moe Kaung,1700,4,3,1,0,1,1,1,City View,"$1,888,888.89 "
0,0,1,0,0,0,Sky Suite Condo,1200,2,1,1,1,1,1,1,City View,"$3,222,222.22 "
0,0,1,0,0,0,GRC Condo,1100,2,2,0,0,0,1,1,City View,"$1,022,222.22 "
0,0,1,0,0,0,GRC Condo,1000,2,2,0,1,0,1,1,Shwedagon Pagoda View,"$95,555.56 "
0,0,1,0,0,0,Kanbae Tower Condo,1121,3,2,1,0,1,1,1,City View,"$1,888,888.89 "
0,0,1,0,0,0,Q Family Condo,1800,2,3,0,1,0,1,1,City View,"$2,666,666.67 "
0,0,1,0,0,0,Q Family Condo,1650,4,3,0,1,0,1,1,City View,"$2,444,444.44 "
0,0,1,0,0,0,Aung Chan Thar Condo,1200,3,2,0,0,0,1,1,City View,"$1,333,333.33 "
0,0,1,0,0,0,Aung Chan Thar Condo,1150,3,2,0,1,0,1,1,City View,"$1,333,333.33 "
0,0,1,0,0,0,Yankin Condo,2200,4,3,0,1,0,1,1,City View,"$1,711,111.11 "
0,0,1,0,0,0,Golden City,1500,3,2,1,1,1,1,1,City View,"$1,888,888.89 "
0,0,1,0,0,0,Golden City,1000,2,2,1,1,1,1,1,City View,"$2,111,111.11 "
0,0,1,0,0,0,The Lake Suite Condo,961,2,1,1,1,1,1,1,Pagoda View,"$3,444,444.44 "
0,0,1,0,0,0,Shwe Moe Kaung,2070,4,3,1,1,1,1,1,City View,"$1,555,555.56 "
0,0,1,0,0,0,The Central Condo,848,1,1,1,1,1,1,1,City View,"$1,511,111.11 "
0,0,1,0,0,0,Golden City,520,1,1,1,1,1,1,1,City View,"$1,222,222.22 "
0,0,1,0,0,0,Aung Chan Thar Condo,1100,2,2,0,0,0,1,1,City View,"$400,000.00 "
0,0,1,0,0,0,Sein Lae May Yeik Thar,2099,3,4,0,0,0,1,1,City View,"$933,333.33 "
0,0,1,0,0,0,The Central Condo,1286,2,2,0,0,0,1,1,City View,"$888,888.89 "
0,0,1,0,0,0,Shwe Moe Kaung,2672,3,3,0,0,0,1,1,City View,"$1,187,555.56 "
0,0,1,0,0,0,Shwe Moe Kaung,2490,3,3,0,0,0,1,1,City View,"$1,106,666.67 "
0,0,1,0,0,0,Kanbae Tower Condo,450,1,1,1,1,1,1,1,City View,"$1,044,444.44 "
0,0,1,0,0,0,Kanbae Tower Condo,796,2,1,1,1,1,1,1,City View,"$1,400,000.00 "
0,0,1,0,0,0,Royal Thitsar Condo,743,2,1,1,0,1,1,1,City View,"$1,277,777.78 "
0,0,1,0,0,0,Golden Parami Condo,1956,2,1,1,1,1,1,1,City View,"$2,311,111.11 "
0,0,1,0,0,0,Space Yankin Condo,2449,4,1,1,1,1,1,1,City View,"$4,353,777.78 "
0,0,1,0,0,0,Golden City,1670,3,2,0,1,0,1,0,City View,"$2,222,222.22 "
0,0,1,0,0,0,Space Yankin Condo,2256,4,3,1,1,1,1,1,City View,"$4,010,666.67 "
0,0,1,0,0,0,Space Yankin Condo,1168,2,2,1,1,1,1,1,City View,"$2,076,444.44 "
0,0,1,0,0,0,Space Yankin Condo,1771,3,2,1,1,1,1,1,City View,"$3,444,444.44 "
0,0,1,0,0,0,Space Yankin Condo,2256,4,2,1,1,1,1,1,City View,"$3,008,000.00 "
0,0,1,0,0,0,Golden City,3131,6,4,1,1,1,1,1,City View,"$4,666,666.67 "
0,0,1,0,0,0,The Central Condo,3031,3,1,1,1,1,1,1,Inya View,"$10,000,000.00 "
0,0,1,0,0,0,Golden City,1499,3,2,0,1,0,1,0,Shwedagon Pagoda View,"$2,444,444.44 "
0,0,1,0,0,0,The Central Condo,2968,5,2,1,1,1,1,1,City View,"$10,000,000.00 "
0,0,1,0,0,0,Golden City,1291,2,1,1,1,0,1,1,City View,"$2,333,333.33 "
0,0,1,0,0,0,Golden City,1725,2,1,1,1,0,1,1,City View,"$2,155,555.56 "
0,0,1,0,0,0,Hnin Kyar Phyu Condo,2800,5,4,0,1,0,1,1,City View,"$1,777,777.78 "
0,0,1,0,0,0,Royal Thitsar Condo,942,2,2,1,1,1,1,1,City View,"$1,466,666.67 "
0,0,1,0,0,0,Kanbae Tower Condo,1100,3,2,1,1,1,1,1,City View,"$1,933,333.33 "
0,0,1,0,0,0,The Central Condo,1171,2,1,1,1,1,1,1,Garden View,"$1,755,333.33 "
0,0,1,0,0,0,Golden City,1981,3,2,1,1,1,1,1,City View,"$2,333,333.33 "
0,0,1,0,0,0,Golden City,1687,2,1,1,1,1,1,1,City View,"$2,175,555.56 "
0,0,1,0,0,0,Golden City,1734,2,1,1,1,1,1,1,City View,"$2,042,222.22 "
0,0,1,0,0,0,Golden City,1739,2,1,0,1,0,1,0,City View,"$2,048,888.89 "
0,0,1,0,0,0,Golden City,1684,2,2,1,1,1,1,1,City View,"$1,986,666.67 "
0,0,1,0,0,0,Golden City,1727,2,2,1,1,1,1,1,City View,"$2,048,888.89 "
0,0,1,0,0,0,Yankin Center,1600,3,3,0,0,0,1,1,City View,"$1,555,555.56 "
0,0,1,0,0,0,Golden City,1651,3,2,0,1,0,1,0,City View,"$2,177,777.78 "
0,0,1,0,0,0,Golden City,1238,2,2,1,1,1,1,1,City View,"$1,511,111.11 "
0,0,1,0,0,0,Shwe Moe Kaung,3050,4,2,1,1,1,1,1,City View,"$3,444,444.44 "
0,0,1,0,0,0,Space Yankin Condo,2449,4,2,1,1,1,1,1,City View,"$4,353,777.78 "
0,0,1,0,0,0,Golden City,1980,4,4,1,1,1,1,1,City View,"$2,666,666.67 "
0,0,1,0,0,0,Royal Thitsar Condo,1024,3,1,1,1,1,1,1,City View,"$1,733,333.33 "
0,0,1,0,0,0,Kanbae Tower Condo,470,1,1,0,0,0,0,0,City View,"$888,888.89 "
0,0,1,0,0,0,Thit Sar Yeik Thar Condo,1340,3,3,0,1,0,1,1,City View,"$955,555.56 "
0,0,1,0,0,0,Kanbae Tower Conde,624,2,1,1,1,1,1,1,City View,"$800,000.00 "
0,0,1,0,0,0,The Central Condo,1286,2,2,1,1,1,1,1,City View,"$2,666,666.67 "
0,0,1,0,0,0,Shwe Moe Kaung,900,2,2,1,1,1,1,1,City View,"$1,544,444.44 "
0,0,1,0,0,0,The Central Condo,700,1,2,1,1,1,1,1,City View,"$1,888,888.89 "
0,0,1,0,0,0,Kanbae Tower Condo,470,1,1,1,1,1,1,1,City View,"$1,044,444.44 "
0,0,1,0,0,0,Golden City,1980,4,3,1,1,1,1,1,City View,"$2,155,555.56 "
0,0,1,0,0,0,Yankin Center,1850,3,1,0,0,0,1,0,City View,"$2,222,222.22 "
0,0,1,0,0,0,Bauk Htaw,1767,4,2,0,1,0,1,1,City View,"$1,666,666.67 "
0,0,1,0,0,0,Golden City,1982,4,2,1,1,1,1,1,City View,"$2,044,444.44 "
0,0,1,0,0,0,Kanbae Tower Condo,890,2,1,1,1,1,1,1,Inya View,"$733,333.33 "
0,0,1,0,0,0,Kanbae Tower Condo,860,2,2,1,1,1,1,1,City View,"$722,222.22 "
0,0,1,0,0,0,The Central Condo,1171,2,1,1,1,1,1,1,City View,"$1,244,444.44 "
0,0,1,0,0,0,The Central Condo,1126,2,2,1,1,1,1,1,City View,"$450,000.00 "
0,0,1,0,0,0,The Central Condo,1286,2,2,1,1,1,1,1,City View,"$584,000.00 "
0,0,1,0,0,0,The Central Condo,1887,3,1,1,1,1,1,1,Lake View,"$681,333.33 "
0,0,1,0,0,0,Golden City,1291,2,2,1,1,1,1,1,City View,"$1,888,888.89 "
0,0,1,0,0,0,Mini Condo,1474,2,1,0,0,0,1,1,City View,"$1,111,111.11 "
0,0,1,0,0,0,Kanbae Tower Condo,850,2,2,0,1,0,1,1,City View,"$793,333.33 "
